<?xml version="1.0" encoding="UTF-8"?>
<project-private xmlns="http://www.netbeans.org/ns/project-private/1">
    <editor-bookmarks xmlns="http://www.netbeans.org/ns/editor-bookmarks/2" lastBookmarkId="0"/>
    <open-files xmlns="http://www.netbeans.org/ns/projectui-open-files/2">
        <group>
            <file>file:/Users/mr932/NetBeansProjects/QuanLyTruongHocVer2/src/GraphicUserInterface/QuanLyChuNhiemGUI.java</file>
            <file>file:/Users/mr932/NetBeansProjects/QuanLyTruongHocVer2/src/BusinessLogicLayer/HS_LopBUS.java</file>
            <file>file:/Users/mr932/NetBeansProjects/QuanLyTruongHocVer2/src/BusinessLogicLayer/TKBBUS.java</file>
            <file>file:/Users/mr932/NetBeansProjects/QuanLyTruongHocVer2/src/GraphicUserInterface/SubFrameChonLop.java</file>
            <file>file:/Users/mr932/NetBeansProjects/QuanLyTruongHocVer2/src/DataTransferObject/DiemDTO.java</file>
            <file>file:/Users/mr932/NetBeansProjects/QuanLyTruongHocVer2/src/GraphicUserInterface/QuanLyDiemSoGUI.java</file>
            <file>file:/Users/mr932/NetBeansProjects/QuanLyTruongHocVer2/src/GraphicUserInterface/ThoiKhoaBieuGUI.java</file>
            <file>file:/Users/mr932/NetBeansProjects/QuanLyTruongHocVer2/src/BusinessLogicLayer/LopBUS.java</file>
            <file>file:/Users/mr932/NetBeansProjects/QuanLyTruongHocVer2/src/GraphicUserInterface/PhanCongGiangDayGUI.java</file>
            <file>file:/Users/mr932/NetBeansProjects/QuanLyTruongHocVer2/src/GraphicUserInterface/SubFrameChonGV.java</file>
            <file>file:/Users/mr932/NetBeansProjects/QuanLyTruongHocVer2/src/BusinessLogicLayer/PhanCongGDBUS.java</file>
            <file>file:/Users/mr932/NetBeansProjects/QuanLyTruongHocVer2/src/BusinessLogicLayer/HocBaCuoiNamBUS.java</file>
            <file>file:/Users/mr932/NetBeansProjects/QuanLyTruongHocVer2/src/BusinessLogicLayer/MonHocBUS.java</file>
            <file>file:/Users/mr932/NetBeansProjects/QuanLyTruongHocVer2/src/DataTransferObject/LopDTO.java</file>
            <file>file:/Users/mr932/NetBeansProjects/QuanLyTruongHocVer2/src/GraphicUserInterface/QuanLyHocSinhGUI.java</file>
            <file>file:/Users/mr932/NetBeansProjects/QuanLyTruongHocVer2/src/GraphicUserInterface/QuanLyLopGUI.java</file>
            <file>file:/Users/mr932/NetBeansProjects/QuanLyTruongHocVer2/src/GraphicUserInterface/QuanLyDiemBoMonGUI.java</file>
            <file>file:/Users/mr932/NetBeansProjects/QuanLyTruongHocVer2/src/DataAccessObject/HocBaCuoiNamDAO.java</file>
            <file>file:/Users/mr932/NetBeansProjects/QuanLyTruongHocVer2/src/BusinessLogicLayer/DiemHocKiBUS.java</file>
            <file>file:/Users/mr932/NetBeansProjects/QuanLyTruongHocVer2/src/DataAccessObject/LopDAO.java</file>
            <file>file:/Users/mr932/NetBeansProjects/QuanLyTruongHocVer2/src/GraphicUserInterface/SubFrameChonMon.java</file>
            <file>file:/Users/mr932/NetBeansProjects/QuanLyTruongHocVer2/src/DataAccessObject/DiemHocKiDAO.java</file>
        </group>
    </open-files>
</project-private>
